brand,model name,Fname,Lname,email
Mazda,MX-3,Gibbie,Gilks,ggilks0@wordpress.com
Dodge,Ram Van 1500,Trace,Raylton,traylton1@linkedin.com
Volkswagen,Cabriolet,Gunther,Coen,gcoen2@techcrunch.com
Buick,Skyhawk,Hetti,Sallows,hsallows3@sun.com
Dodge,Viper,Camila,Mintram,cmintram4@indiegogo.com
Ford,Mustang,Ethel,Littley,elittley5@ehow.com
Acura,NSX,Lindsay,Schimann,lschimann6@unblog.fr
Chevrolet,Caprice Classic,Curcio,McGuirk,cmcguirk7@jiathis.com
Buick,LeSabre,Arv,Rudgley,arudgley8@sun.com
Chevrolet,TrailBlazer,Babb,Osgerby,bosgerby9@microsoft.com
Ford,Explorer,Stevana,Hainey,shaineya@google.it
Buick,Regal,Lamar,Uzielli,luziellib@illinois.edu
Ford,EXP,Ive,Cusworth,icusworthc@devhub.com
Saab,9-5,Tiffie,Shee,tsheed@seesaa.net
Pontiac,Grand Prix,Garrard,Jaram,gjarame@tmall.com
Plymouth,Breeze,Goran,Habbal,ghabbalf@howstuffworks.com
Buick,Special,Dena,Thurlby,dthurlbyg@sphinn.com
Mercedes-Benz,E-Class,Win,Gent,wgenth@fastcompany.com
Austin,Mini Cooper,Edie,Toffoletto,etoffolettoi@rakuten.co.jp
Suzuki,Vitara,Noell,Uppett,nuppettj@networkadvertising.org
Acura,NSX,Cassondra,Peter,cpeterk@ezinearticles.com
Chevrolet,Corvette,Talia,Bottini,tbottinil@ask.com
Chevrolet,Corvette,Garrott,Rossborough,grossboroughm@google.com
Chrysler,PT Cruiser,Yoshiko,Morrel,ymorreln@bloomberg.com
Chevrolet,Suburban 1500,Roshelle,Croasdale,rcroasdaleo@comcast.net
Saturn,S-Series,Sherwood,Bryson,sbrysonp@clickbank.net
Pontiac,Firebird,Chloe,Meyer,cmeyerq@homestead.com
Chevrolet,Sonic,Fanchette,Simm,fsimmr@youtube.com
Kia,Sorento,Trumaine,Abbay,tabbays@nhs.uk
Chrysler,300C,Dorise,Wrankmore,dwrankmoret@tumblr.com
Buick,Roadmaster,Del,Turone,dturoneu@paginegialle.it
