brand,model name
Aston Martin,V8 Vantage
Mazda,B-Series
Honda,Fit
Mitsubishi,Galant
Audi,A3
Audi,Cabriolet
Chevrolet,SSR
BMW,X6 M
Bentley,Continental Flying Spur
Lamborghini,Gallardo
Dodge,Ram 1500
Cadillac,Eldorado
Acura,MDX
Chevrolet,SSR
Mercedes-Benz,SL-Class
Hyundai,Azera
Honda,CR-V
Volvo,XC90
Volkswagen,Routan
Lexus,GS
Chevrolet,Cavalier
Toyota,TundraMax
Lincoln,Town Car
Chrysler,300
Nissan,Sentra
BMW,745
Toyota,Echo
Volkswagen,GTI
BMW,3 Series
Chevrolet,Express 3500
Maserati,Quattroporte
Plymouth,Colt
Mercury,Grand Marquis
Toyota,T100 Xtra
Dodge,Dakota Club
Volkswagen,Type 2
Citroën,CX
Pontiac,LeMans
Toyota,Matrix
Ford,F350
Acura,RDX
Bentley,Continental GT
Infiniti,IPL G
Land Rover,Defender 90
Ford,Thunderbird
GMC,Savana 3500
Ford,Escort
Lexus,LX
Dodge,Viper
Mercedes-Benz,300SD
Volkswagen,New Beetle
Mazda,Mazda3
Aston Martin,V8 Vantage
BMW,X3
BMW,X5 M
Mercedes-Benz,W201
Audi,S4
GMC,Sierra 1500
Dodge,Intrepid
Pontiac,GTO
Isuzu,Stylus
Scion,xD
GMC,Suburban 2500
Chevrolet,Metro
Volvo,XC70
Ford,Flex
Porsche,Boxster
GMC,2500 Club Coupe
Porsche,944
Buick,Enclave
Ford,Escort
GMC,Sierra 1500
Chevrolet,Malibu
Bentley,Continental GT
Pontiac,GTO
Mazda,B-Series
Acura,MDX
Toyota,Corolla
BMW,3 Series
Lincoln,MKT
GMC,Terrain
Mazda,Mazda3
Acura,TL
Volkswagen,Passat
Chevrolet,Impala
BMW,Z3
Toyota,Tundra
Plymouth,Voyager
Infiniti,Q
Lotus,Elise
Acura,MDX
Toyota,Tacoma Xtra
Land Rover,Discovery
Maserati,Quattroporte
Nissan,Maxima
Mazda,RX-8
Toyota,Corolla
Kia,Forte
Volvo,C30
Plymouth,Laser
Lincoln,Continental
Ferrari,California
Dodge,Ram Van 3500
Ford,Ranger
Acura,TL
Lincoln,MKZ
Ford,Flex
Chevrolet,2500
Honda,S2000
Chrysler,Pacifica
Volkswagen,Touareg
Chevrolet,Monte Carlo
Nissan,Altima
BMW,M3
Mercedes-Benz,300D
Isuzu,Rodeo
BMW,X5
Chevrolet,Corvair
Volkswagen,GTI
Ford,E350
Chevrolet,Suburban 1500
BMW,M3
Lexus,RX
Toyota,4Runner
Plymouth,Sundance
Toyota,Tundra
Mitsubishi,Galant
Buick,Regal
Jaguar,XJ Series
Ram,3500
Chevrolet,Lumina
Mitsubishi,Mirage
Dodge,Stealth
Ford,Mustang
Corbin,Sparrow
Mercedes-Benz,500E
Volkswagen,Jetta
BMW,5 Series
Toyota,Prius
BMW,530
BMW,Z3
Infiniti,EX
Chevrolet,Camaro
Buick,Hearse
Saturn,Outlook
Volvo,V50
Buick,Coachbuilder
Ford,Mustang
GMC,3500
Infiniti,G37
Toyota,Camry
Toyota,4Runner
GMC,Savana 2500
Dodge,Ram 3500
Saab,9-3
Hyundai,Elantra
Volkswagen,rio
Ferrari,California
Kia,Spectra
Subaru,XT
Saab,9-7X
Nissan,Altima
Mercedes-Benz,M-Class
Mitsubishi,Truck
Volkswagen,GTI
GMC,Yukon XL 2500
Nissan,Stanza
Mitsubishi,Galant
Maybach,Landaulet
Volkswagen,Beetle
Chevrolet,Suburban 2500
Ford,F450
Ford,F350
Toyota,Tacoma Xtra
Mercedes-Benz,E-Class
Hyundai,Sonata
Aston Martin,DBS
Nissan,Xterra
Ferrari,612 Scaglietti
Toyota,4Runner
Nissan,Maxima
Toyota,Celica
Subaru,Impreza
Cadillac,Escalade ESV
Lotus,Esprit
Nissan,GT-R
Mazda,626
Ford,Taurus
Volkswagen,Routan
Plymouth,Neon
Aston Martin,V8 Vantage
Honda,Prelude
Mazda,B-Series
Oldsmobile,Ciera
Buick,Skylark
Mercedes-Benz,SL-Class
Acura,Vigor
Chevrolet,Monte Carlo
Buick,Skylark
Lexus,GX
Mercury,Topaz
Cadillac,XLR
Chevrolet,Corvette
Volkswagen,New Beetle
GMC,Savana 1500
Smart,Fortwo
Audi,S6
Mazda,626
Kia,Mohave/Borrego
Mazda,Protege5
Mercedes-Benz,SLR McLaren
Nissan,Armada
Buick,Somerset
Chevrolet,S10 Blazer
Lincoln,Aviator
Isuzu,i-370
Nissan,Murano
Porsche,Cayman
Ford,Taurus
Cadillac,Eldorado
Mitsubishi,Pajero
Volkswagen,GLI
Audi,A8
Hyundai,Tiburon
Suzuki,XL-7
Ford,Explorer Sport Trac
Chevrolet,Corsica
Ford,Econoline E250
Pontiac,Montana
Kia,Sportage
GMC,Rally Wagon 2500
Toyota,Sienna
Lexus,RX
Cadillac,DeVille
Land Rover,Range Rover Sport
GMC,Terrain
Chevrolet,Cavalier
Toyota,Tacoma
Chevrolet,Equinox
Honda,Prelude
Mazda,Mazda6
Dodge,Caravan
Suzuki,SJ 410
Kia,Optima
Maybach,57
Audi,A8
Ford,LTD Crown Victoria
Audi,A5
Jeep,Patriot
Saab,900
Ford,Laser
Mercury,Mountaineer
Lotus,Esprit
Bentley,Continental GTC
Mazda,Mazda6
Ford,Focus
Mercedes-Benz,S-Class
Honda,Civic
Ford,Expedition
Toyota,Tercel
Pontiac,Sunfire
Kia,Sorento
Maybach,62
Buick,Enclave
Ferrari,F430
Maserati,Spyder
Toyota,Land Cruiser
Dodge,Caravan
Lexus,ES
Hyundai,Genesis Coupe
Infiniti,QX56
Buick,Century
Suzuki,Samurai
Maybach,Landaulet
Chevrolet,G-Series G20
Nissan,Maxima
Dodge,Ram 3500
Ford,Expedition EL
GMC,Savana 2500
Mazda,Protege
Ford,Mustang
BMW,745
GMC,Envoy
Lotus,Elise
Bentley,Brooklands
Bugatti,Veyron
Buick,Lucerne
Toyota,Sequoia
Lotus,Esprit
Toyota,Sequoia
Mitsubishi,Montero
Jeep,Wrangler
Mazda,B-Series Plus
Mazda,CX-9
Oldsmobile,88
Dodge,Monaco
Pontiac,Bonneville
Pontiac,Vibe
Mazda,Miata MX-5
Acura,TL
Ford,LTD Crown Victoria
Chevrolet,Traverse
Honda,Civic
GMC,Envoy
Dodge,Grand Caravan
Jaguar,X-Type
Pontiac,Trans Sport
Bentley,Continental
Ram,1500
Mitsubishi,Lancer
Chrysler,Cirrus
Scion,xD
Toyota,Solara
Lincoln,Town Car
Pontiac,1000
Toyota,Echo
Eagle,Summit
Mazda,MX-5
GMC,2500
Acura,RL
Chevrolet,Cavalier
Ford,LTD Crown Victoria
Hyundai,Accent
Ford,Econoline E250
Honda,Odyssey
Chevrolet,Tahoe
Mazda,Millenia
Lexus,GX
Pontiac,GTO
Jeep,Grand Cherokee
Lexus,GX
Mitsubishi,3000GT
BMW,600
Mitsubishi,Galant
Kia,Spectra
Cadillac,CTS
Ford,Escort
Toyota,Celica
Toyota,TundraMax
GMC,Savana 2500
Ford,Freestar
Mazda,Tribute
Mercedes-Benz,S-Class
Daewoo,Leganza
Ford,E350
Infiniti,QX
Chrysler,PT Cruiser
Ford,Econoline E150
Cadillac,Eldorado
Nissan,Cube
Chrysler,Concorde
Subaru,Legacy
Mercedes-Benz,G-Class
Pontiac,Sunbird
Nissan,Maxima
Chevrolet,Metro
Isuzu,Trooper
Audi,S5
Mitsubishi,Pajero
Chevrolet,Silverado
Oldsmobile,98
Honda,Pilot
Bentley,Brooklands
Dodge,D150
Lexus,SC
Chevrolet,Malibu
Mitsubishi,Pajero
GMC,Sierra 3500HD
MINI,Countryman
Chrysler,300M
Lotus,Esprit
Scion,xA
Mitsubishi,Challenger
Jeep,Comanche
Jaguar,XJ Series
Chevrolet,Express 1500
GMC,Savana 2500
Nissan,240SX
Kia,Amanti
Mazda,MX-5
Chrysler,Crossfire
GMC,2500
Ford,Probe
GMC,Sierra 1500
MINI,Cooper
Audi,S8
Toyota,Camry
Mercedes-Benz,CLS-Class
Chevrolet,Express 1500
Toyota,4Runner
GMC,Yukon XL 2500
Infiniti,J
Ford,Flex
Ford,Thunderbird
Jaguar,XK Series
Volvo,S80
Volkswagen,Tiguan
Saturn,Astra
Dodge,Ram Van 1500
Mercury,Sable
Audi,5000S
Kia,Sportage
Mazda,Familia
Mercedes-Benz,E-Class
Chevrolet,Suburban
Saturn,VUE
Alfa Romeo,164
Honda,Ridgeline
Pontiac,Trans Sport
BMW,3 Series
Lamborghini,Murciélago
Cadillac,DeVille
Scion,xB
Jeep,Compass
Cadillac,Seville
Lexus,RX
BMW,M6
Kia,Sportage
Lexus,GX
Lincoln,Town Car
Honda,Civic
Ford,Fairlane
Isuzu,i-290
Nissan,Quest
BMW,X5
Pontiac,Bonneville
Mazda,Protege
Mazda,Millenia
Honda,Passport
BMW,5 Series
Ford,Club Wagon
Plymouth,Fury
Dodge,Grand Caravan
Ford,Tempo
Ford,F350
Land Rover,Range Rover
Jaguar,XJ Series
Mitsubishi,Galant
Ford,Probe
Land Rover,Range Rover
Hyundai,Tiburon
Volkswagen,Beetle
Chevrolet,Tracker
Mitsubishi,Diamante
Volkswagen,Cabriolet
GMC,Envoy
Mitsubishi,Eclipse
Volkswagen,Passat
Buick,Park Avenue
Toyota,MR2
Chevrolet,Silverado 3500
Lexus,RX Hybrid
Dodge,Ram Van 1500
Dodge,Viper
Plymouth,Laser
Mercedes-Benz,S-Class
Ford,Thunderbird
Mazda,Millenia
Mitsubishi,Lancer
BMW,6 Series
Chevrolet,Traverse
Mitsubishi,Chariot
Mercedes-Benz,C-Class
Pontiac,Grand Prix
Porsche,911
Porsche,911
Honda,CR-V
Mercedes-Benz,S-Class
Aston Martin,DBS
Lexus,LS
Mercedes-Benz,E-Class
Ford,F350
Nissan,Maxima
Mitsubishi,Endeavor
Mercedes-Benz,S-Class
Porsche,911
Saab,9000
Buick,Skylark
Lotus,Esprit
Kia,Spectra
Acura,Vigor
Isuzu,VehiCROSS
Saab,9-3
Audi,A6
Lexus,ES
Chrysler,Sebring
Toyota,Avalon
Ford,F-Series Super Duty
Toyota,Sienna
Mazda,B2500
Mitsubishi,Endeavor
Toyota,Sienna
Ford,Expedition
Acura,TL
Acura,Legend
Lincoln,Continental
Mercury,Milan
Kia,Amanti
Honda,Prelude
Ford,E350
Lincoln,Continental Mark VII
Honda,Accord
Ford,Explorer Sport
Land Rover,Freelander
Mazda,MX-6
Ford,F-Series
Mitsubishi,Starion
Audi,A4
Subaru,Impreza
Lamborghini,Murciélago
Dodge,Dakota Club
Infiniti,Q
Lamborghini,Gallardo
Volvo,XC70
Oldsmobile,Cutlass Cruiser
Ferrari,F430
Ford,Ranger
Daewoo,Lanos
Toyota,Celica
Buick,Century
Subaru,Alcyone SVX
Ford,Econoline E250
Oldsmobile,Silhouette
Mercury,Mountaineer
Isuzu,Impulse
Buick,Reatta
Volkswagen,Type 2
GMC,Sierra 2500
Cadillac,Fleetwood
Chevrolet,1500
Kia,Sedona
Hyundai,Veracruz
Mercedes-Benz,500SL
Porsche,928
Nissan,Sentra
Ford,Fiesta
Mercedes-Benz,Sprinter 3500
Mazda,GLC
Lotus,Esprit
Volkswagen,New Beetle
GMC,Rally Wagon 2500
Pontiac,6000
Volkswagen,GTI
Toyota,Previa
Chrysler,PT Cruiser
Volkswagen,Passat
GMC,Suburban 2500
Subaru,XT
Lincoln,Navigator
Ford,F250
Land Rover,Range Rover
Kia,Rondo
Jeep,Wrangler
Pontiac,Firebird
Ford,Escort
Chrysler,Pacifica
BMW,M3
Kia,Rio
Lexus,ES
Volvo,S60
Chevrolet,Express 2500
Nissan,Pathfinder
Ford,Fusion
BMW,3 Series
Suzuki,Sidekick
Mitsubishi,Pajero
Mitsubishi,Starion
Audi,A4
Cadillac,CTS
Mitsubishi,Space
Lotus,Esprit
Subaru,Loyale
Volvo,V40
Toyota,Celica
Acura,ZDX
Mazda,MX-5
Mazda,B-Series
Chevrolet,K5 Blazer
Mercury,Mountaineer
Nissan,GT-R
Ford,Focus
Ford,Thunderbird
Lexus,GX
Acura,TL
Mazda,626
Chevrolet,Express 3500
Toyota,Tundra
Subaru,Legacy
Toyota,4Runner
Ford,Explorer
Lincoln,MKZ
Kia,Sedona
Cadillac,Escalade ESV
Audi,5000CS
Chevrolet,Blazer
Jeep,Compass
Volvo,S90
Chrysler,Town & Country
Buick,Regal
Infiniti,I
Toyota,Solara
Chevrolet,Cobalt
Chevrolet,G-Series 2500
Ford,Econoline E250
Mitsubishi,Eclipse
GMC,Safari
GMC,Canyon
Volkswagen,Eurovan
Mercedes-Benz,300E
Oldsmobile,Alero
Chevrolet,S10
Honda,Insight
Land Rover,Freelander
Chrysler,New Yorker
Plymouth,Roadrunner
Ford,Explorer
Acura,TSX
Chrysler,LeBaron
Ford,Focus
Bentley,Continental
Pontiac,Grand Prix
Mazda,Protege
Ford,Transit Connect
Volvo,XC70
Infiniti,QX56
Porsche,Boxster
Chevrolet,Uplander
Acura,RL
Volkswagen,GTI
Toyota,RAV4
Toyota,Camry
Buick,Century
Lexus,RX Hybrid
Ford,Econoline E150
Nissan,Sentra
Chevrolet,Corvette
Chevrolet,Suburban 2500
Dodge,Dakota
Ford,Freestar
Mercury,Mountaineer
MINI,Cooper Countryman
Chrysler,Fifth Ave
Mercury,Mountaineer
Lexus,ES
Lexus,LX
BMW,Z4 M
Isuzu,Oasis
GMC,Jimmy
Cadillac,CTS-V
Acura,TL
GMC,3500 Club Coupe
Mercury,Mountaineer
Chevrolet,Colorado
Dodge,Ram Van 2500
Chevrolet,Camaro
Cadillac,STS-V
Mercedes-Benz,S-Class
Dodge,Caravan
Buick,Rendezvous
Acura,Integra
Mitsubishi,Chariot
Mercedes-Benz,C-Class
Buick,Verano
Ford,Thunderbird
Pontiac,Grand Prix
Lexus,IS
GMC,3500 Club Coupe
Volkswagen,Passat
GMC,Rally Wagon 2500
Lincoln,MKX
Chrysler,Aspen
Volkswagen,Golf
Hyundai,Sonata
Mitsubishi,Mighty Max
Mitsubishi,Excel
Lotus,Elan
Dodge,Ram 1500
Honda,Ridgeline
Honda,Pilot
Volkswagen,Tiguan
Morgan,Aero 8
Geo,Tracker
GMC,2500 Club Coupe
Ford,Crown Victoria
Chrysler,Crossfire
Chrysler,Fifth Ave
Jeep,Grand Cherokee
Mercedes-Benz,400SE
Toyota,Camry Solara
Mercury,Cougar
Ford,Bronco II
Nissan,Sentra
BMW,X5 M
Toyota,Previa
Mazda,Tribute
Dodge,D350
Lexus,IS F
Volvo,XC70
BMW,3 Series
Subaru,Legacy
Volvo,S80
Spyker,C8 Laviolette
Mercedes-Benz,CLS-Class
Hyundai,Elantra
Porsche,911
Suzuki,Vitara
Dodge,Dakota
Ford,Thunderbird
Kia,Spectra
Ford,Explorer
Jeep,Grand Cherokee
Cadillac,DeVille
Chrysler,Town & Country
Audi,90
BMW,525
Porsche,928
Cadillac,Seville
Mitsubishi,Lancer
Mercedes-Benz,SL-Class
Nissan,Pathfinder
Chevrolet,Blazer
Plymouth,Voyager
Honda,Fit
Honda,Fit
Ford,Explorer
Dodge,Neon
Acura,CL
Ford,F-Series
Mitsubishi,Montero
BMW,7 Series
Chevrolet,Beretta
Toyota,Sienna
Chevrolet,Suburban 1500
Lincoln,Continental
Alfa Romeo,164
Chrysler,Imperial
Acura,RL
Chevrolet,Corvette
GMC,Savana 1500
Toyota,Previa
Holden,VS Commodore
Hyundai,Sonata
Ford,E-Series
Aston Martin,V8 Vantage
Bentley,Continental
Kia,Sedona
Subaru,XT
GMC,Safari
Bentley,Continental
Dodge,Ram 1500
Saab,9000
Pontiac,Bonneville
Chevrolet,Lumina
Ford,F-Series
Porsche,Cayenne
Mazda,Miata MX-5
Ford,Laser
Jeep,Grand Cherokee
Ford,Probe
BMW,M6
GMC,Sonoma
Rolls-Royce,Phantom
Hyundai,Sonata
Volkswagen,Golf
Buick,Estate
Ford,F-Series
Audi,S4
BMW,M6
Mazda,RX-7
Hyundai,Elantra
Infiniti,QX
Mercury,Grand Marquis
Toyota,Prius Plug-in
Toyota,Camry
Chevrolet,Traverse
Mazda,626
Suzuki,Sidekick
Chevrolet,Astro
Land Rover,Range Rover
BMW,7 Series
Mercedes-Benz,S-Class
Scion,tC
Lexus,LS
Toyota,Land Cruiser
Porsche,968
Jensen,Interceptor
Mercedes-Benz,CLK-Class
Toyota,Tacoma
Volkswagen,Routan
Dodge,D350
Chevrolet,Malibu
Lincoln,Mark LT
BMW,Z4
Isuzu,Trooper
Ford,Expedition EL
Mitsubishi,Galant
Nissan,Frontier
Land Rover,Discovery
Kia,Mohave/Borrego
Land Rover,Defender
Buick,Rainier
Chevrolet,Corsica
GMC,1500 Club Coupe
Pontiac,Grand Am
Toyota,Tacoma
McLaren,MP4-12C
Lamborghini,Gallardo
Mazda,MX-5
Volvo,C30
Toyota,Land Cruiser
Chevrolet,Silverado 2500
Mazda,Miata MX-5
Porsche,924
Mitsubishi,Pajero
Chevrolet,G-Series G30
Plymouth,Breeze
Mitsubishi,Challenger
Mercedes-Benz,190E
Chevrolet,Camaro
Mercedes-Benz,300TE
Lexus,IS
Pontiac,Grand Am
Chevrolet,Impala
Chevrolet,Silverado 1500
Cadillac,CTS
Volkswagen,Eos
Ford,Escape
GMC,Envoy
GMC,Yukon Denali
Mitsubishi,Montero
Subaru,Brat
Mazda,323
Ford,F-Series
Toyota,TundraMax
Toyota,Paseo
Oldsmobile,Silhouette
Mitsubishi,Chariot
Aston Martin,DBS
Dodge,Monaco
BMW,5 Series
Audi,TT
Saturn,VUE
Ford,Contour
GMC,Canyon
MINI,Cooper Countryman
Acura,RSX
Maybach,62
Honda,Fit
Volkswagen,Passat
Ford,Fairlane
Volkswagen,Scirocco
Pontiac,Sunbird
Ford,Transit Connect
Chevrolet,Camaro
Ford,E-Series
Audi,Quattro
Oldsmobile,Toronado
Dodge,Viper RT/10
Dodge,Viper RT/10
Lincoln,Blackwood
Cadillac,XLR
Infiniti,QX56
Ford,Taurus
Buick,LeSabre
Mercedes-Benz,R-Class
Mitsubishi,Challenger
Chevrolet,Express 3500
Honda,Accord
Chrysler,Sebring
Oldsmobile,Alero
Ferrari,458 Italia
Audi,RS4
Lincoln,Aviator
Subaru,Impreza WRX
Chevrolet,Corvette
Ford,Escort
Toyota,4Runner
Dodge,Neon
BMW,545
Volkswagen,Jetta
Plymouth,Voyager
Pontiac,Trans Sport
Hyundai,Tiburon
Dodge,Dakota Club
Infiniti,Q
Nissan,Frontier
Chevrolet,Astro
Chevrolet,S10
Pontiac,6000
Bentley,Azure
Dodge,Caravan
Pontiac,Grand Prix
Honda,S2000
Chevrolet,Silverado 3500
Subaru,Forester
BMW,Z4 M
Audi,TT
Audi,A6
Ford,E-Series
Lexus,IS
Buick,Park Avenue
Mazda,626
BMW,5 Series
Audi,Q5
Chevrolet,Corvette
Chevrolet,Corvette
Aston Martin,DBS
BMW,3 Series
Mitsubishi,Pajero
Mercedes-Benz,S-Class
BMW,M3
Mazda,Mazda3
Saturn,VUE
Nissan,Pathfinder
Chevrolet,Corvette
Subaru,Impreza
Jaguar,XK
Kia,Optima
Hyundai,Accent
Buick,Regal
Mercedes-Benz,SL-Class
Buick,Coachbuilder
Nissan,Maxima
Ford,Crown Victoria
GMC,Yukon XL 1500
Mitsubishi,Truck
Volvo,XC70
Honda,Prelude
Mitsubishi,Montero Sport
Kia,Optima
Porsche,914
Ford,Econoline E150
Porsche,Boxster
Dodge,Intrepid
Dodge,Charger
Nissan,Maxima
Chrysler,Concorde
Ford,F-Series
Maserati,430
Chevrolet,Express 3500
Hummer,H3T
Infiniti,G37
Chevrolet,Corvette
Dodge,Grand Caravan
Dodge,Intrepid
Pontiac,6000
Acura,CL
Infiniti,QX56
Mitsubishi,Starion
Lotus,Evora
Mitsubishi,Galant
Mitsubishi,Starion
Chevrolet,Venture
Dodge,Intrepid
Bugatti,Veyron
Chevrolet,Silverado 1500
Buick,Electra
BMW,530
Lexus,GS
Suzuki,SX4
Lamborghini,Gallardo
Chevrolet,Lumina
Lincoln,Town Car
Suzuki,Swift
Ford,Econoline E350
Fillmore,Fillmore
Chevrolet,3500
Volkswagen,Eurovan
Buick,LaCrosse
GMC,Envoy XL
Lincoln,LS
Toyota,Avalon
Mazda,Miata MX-5
Mercedes-Benz,C-Class
BMW,3 Series
Buick,Park Avenue
Nissan,Leaf
Shelby,GT350
GMC,1500 Club Coupe
Pontiac,Bonneville
Nissan,Maxima
Lincoln,MKS
Infiniti,FX
Dodge,Magnum
Ford,Mustang
Toyota,Land Cruiser
Nissan,Frontier
Kia,Sorento
Mercedes-Benz,Sprinter 3500
Cadillac,STS
Pontiac,Grand Prix
GMC,Vandura G1500
Dodge,Caliber
Lexus,LS
Maserati,Coupe
Lexus,ES
Subaru,SVX
Chevrolet,2500
Chevrolet,Suburban 2500
GMC,Savana 3500
